,quarter,avgwkhrs_adj,rgdp,Current tax receipts,Quarter Name,Year,Tax revenues,population aged 16+,labor productivity
0,1948.0,21.734729444737773,1616.1,39.0,Q1-1948,1948.0,3.149657716277873e-05,102698,13.260525300928014
1,1948.25,21.71990499719782,1644.6,37.7,Q2-1948,1948.0,3.0380131736809223e-05,102923,13.465427600605885
2,1948.5,21.90486366602522,1654.1,36.7,Q3-1948,1948.0,2.9483484380356936e-05,103240,13.394498384497656
3,1948.75,21.757493258543143,1658.0,36.5,Q4-1948,1948.0,2.927064369163963e-05,103424,13.476716493127524
4,1949.0,21.438899535899996,1633.2,34.4,Q1-1949,1949.0,2.7562047159771583e-05,103559,13.429264482177365
5,1949.25,21.226360954300514,1628.4,32.5,Q2-1949,1949.0,2.5968008659795546e-05,103845,13.482476258289935
6,1949.5,20.84513541751767,1646.7,32.3,Q3-1949,1949.0,2.573979411664681e-05,104121,13.829796168608118
7,1949.75,20.567191097725473,1629.9,31.3,Q4-1949,1949.0,2.487123589061542e-05,104421,13.822199984735285
8,1950.0,20.560731522691412,1696.8,35.9,Q1-1950,1950.0,2.8173869995633802e-05,104737,14.346348309856772
9,1950.25,20.88686947000566,1747.3,40.0,Q2-1950,1950.0,3.1308695879760905e-05,105014,14.501377684825547
10,1950.5,21.430298492820423,1815.8,46.1,Q3-1950,1950.0,3.599142043233969e-05,105282,14.664007042082906
11,1950.75,21.665831376744986,1848.9,50.5,Q4-1950,1950.0,3.9540406926723245e-05,104979,14.738847613277638
12,1951.0,22.081379283703807,1871.3,57.6,Q1-1951,1951.0,4.238689544840422e-05,104604,14.609943474594797
13,1951.25,22.27798965824263,1903.1,54.6,Q2-1951,1951.0,4.022269579887299e-05,104491,14.696093345791793
14,1951.5,22.12664794163207,1941.1,54.0,Q3-1951,1951.0,3.976356361222038e-05,104536,15.056040333527243
15,1951.75,22.131818112730738,1944.4,57.6,Q4-1951,1951.0,4.2331858043582914e-05,104740,15.044994158110168
16,1952.0,22.168339767644227,1964.7,57.5,Q1-1952,1952.0,4.130694210819564e-05,104868,15.144297474794191
17,1952.25,22.030716526386893,1966.0,57.7,Q2-1952,1952.0,4.140008622583228e-05,104996,15.213068071902253
18,1952.5,22.080350416410926,1978.8,58.1,Q3-1952,1952.0,4.154858798718448e-05,105346,15.249221663943773
19,1952.75,22.45634216560234,2043.8,61.0,Q4-1952,1952.0,4.347387803335385e-05,105706,15.463184335562751
20,1953.0,22.494310838756036,2082.3,62.7,Q1-1953,1953.0,4.371839121965353e-05,106678,15.698292434694109
21,1953.25,22.42406733520004,2098.1,63.0,Q2-1953,1953.0,4.383224512015615e-05,106910,15.835314540171327
22,1953.5,22.2262265206296,2085.4,62.0,Q3-1953,1953.0,4.3047107321593096e-05,107132,15.843615146173951
23,1953.75,21.901897530159985,2052.5,56.9,Q4-1953,1953.0,3.9369431072891245e-05,107504,15.786761425692616
24,1954.0,21.668166451959696,2042.4,53.2,Q1-1954,1954.0,3.631106152057567e-05,107880,15.842259988675236
25,1954.25,21.355278842795066,2044.3,53.4,Q2-1954,1954.0,3.6345150603768096e-05,108184,16.051350502512562
26,1954.5,21.235420621832482,2066.9,54.0,Q3-1954,1954.0,3.666675711133421e-05,108440,16.28300876032016
27,1954.75,21.393140161721764,2107.8,56.0,Q4-1954,1954.0,3.789966453369114e-05,108798,16.449966441381683
28,1955.0,21.666360414765972,2168.5,59.2,Q1-1955,1955.0,3.9405422915992326e-05,109078,16.678844748682845
29,1955.25,21.791229163620045,2204.0,61.0,Q2-1955,1955.0,4.043083329262413e-05,109544,16.82044706977738
30,1955.5,22.04654408997049,2233.4,62.5,Q3-1955,1955.0,4.129760958744583e-05,109882,16.81270701595905
31,1955.75,22.247747990665964,2245.3,64.1,Q4-1955,1955.0,4.224142292372208e-05,110177,16.7139358479049
32,1956.0,22.150005434528648,2234.8,63.9,Q1-1956,1956.0,4.060626921448625e-05,110478,16.669401637999197
33,1956.25,22.162846598622217,2252.5,65.2,Q2-1956,1956.0,4.1308238502415684e-05,110810,16.75343994049833
34,1956.5,22.080763725369987,2249.8,65.0,Q3-1956,1956.0,4.1074401288341945e-05,111099,16.755291419038684
35,1956.75,22.019234294665864,2286.5,67.6,Q4-1956,1956.0,4.2589722028527185e-05,111432,17.035718010997037
36,1957.0,21.915967677429972,2300.3,68.5,Q1-1957,1957.0,4.159472191566912e-05,111711,17.178083623953583
37,1957.25,21.77996602586553,2294.6,67.9,Q2-1957,1957.0,4.111262007142016e-05,112031,17.201028493466968
38,1957.5,21.784496639236192,2317.0,67.8,Q3-1957,1957.0,4.090965744037678e-05,112421,17.324271176809255
39,1957.75,21.295865389766583,2292.5,65.2,Q4-1957,1957.0,3.918296291502994e-05,112874,17.48705157249975
40,1958.0,20.74073585275099,2230.2,61.6,Q1-1958,1958.0,3.606033522563377e-05,113234,17.419763018738234
41,1958.25,20.57912154961142,2243.4,61.6,Q2-1958,1958.0,3.596505010780395e-05,113534,17.617955644907962
42,1958.5,20.672065291475448,2295.2,64.8,Q3-1958,1958.0,3.7733326250182393e-05,113835,17.904672751384663
43,1958.75,20.920047849196283,2348.0,68.4,Q4-1958,1958.0,3.967348632590477e-05,114283,18.061677397518444
44,1959.0,21.122077358267443,2392.9,70.6,Q1-1959,1959.0,4.026525058913308e-05,114712,18.192254474128365
45,1959.25,21.518340863479988,2455.8,74.1,Q2-1959,1959.0,4.210284590010668e-05,115144,18.28919538860258
46,1959.5,21.285595801361676,2453.9,72.2,Q3-1959,1959.0,4.0877376264656214e-05,115555,18.4318055492962
47,1959.75,21.272498259820715,2462.6,72.5,Q4-1959,1959.0,4.091939248801003e-05,115916,18.467468578456366
48,1960.0,21.2049458988727,2517.4,77.2,Q1-1960,1960.0,4.2694845843036354e-05,116702,18.896278392457702
49,1960.25,21.375161427025592,2504.8,75.8,Q2-1960,1960.0,4.180202457263962e-05,117033,18.612116303435158
50,1960.5,21.352993953077934,2508.7,75.2,Q3-1960,1960.0,4.133058284606674e-05,117431,18.614814979706015
51,1960.75,21.107039012515198,2476.2,74.0,Q4-1960,1960.0,4.053367455354729e-05,117829,18.541231439674732
52,1961.0,21.00851717154677,2491.2,73.8,Q1-1961,1961.0,3.98557685621964e-05,118250,18.69526389649764
53,1961.25,20.74192800222385,2538.0,75.7,Q2-1961,1961.0,4.074816336589157e-05,118638,19.243600630838287
54,1961.5,20.824318351610557,2579.1,77.3,Q3-1961,1961.0,4.14807511118046e-05,119006,19.413916656630136
55,1961.75,21.01242724398142,2631.8,80.3,Q4-1961,1961.0,4.3037450856905576e-05,119153,19.56917769003696
56,1962.0,21.20671329528634,2679.1,80.1,Q1-1962,1962.0,4.2342046089459894e-05,119360,19.673804488309248
57,1962.25,21.270457943131575,2708.4,81.3,Q2-1962,1962.0,4.281389479740385e-05,119813,19.76429379355639
58,1962.5,21.147324965801054,2733.3,83.6,Q3-1962,1962.0,4.383850754439765e-05,120323,19.995171838651626
59,1962.75,20.961312303233804,2740.0,84.8,Q4-1962,1962.0,4.420253045882088e-05,121045,20.15506156856399
60,1963.0,20.992519887150976,2775.9,85.4,Q1-1963,1963.0,4.379988092894664e-05,121633,20.32137628111274
61,1963.25,21.04751390581989,2810.6,87.5,Q2-1963,1963.0,4.468259592870773e-05,122162,20.45396656745093
62,1963.5,21.036347663431304,2863.5,88.4,Q3-1963,1963.0,4.4956345329033945e-05,122667,20.785998940193526
63,1963.75,21.074890907348095,2885.8,89.5,Q4-1963,1963.0,4.532178507917305e-05,123192,20.845432612433004
64,1964.0,21.15365290722606,2950.5,87.6,Q1-1964,1964.0,4.35099750156634e-05,123707,21.168291685499664
65,1964.25,21.32089485416802,2984.8,83.6,Q2-1964,1964.0,4.135706377907294e-05,124204,21.180811808118083
66,1964.5,21.361860327871025,3025.5,86.0,Q3-1964,1964.0,4.2364594105747525e-05,124731,21.36546922115432
67,1964.75,21.447052991938353,3033.6,87.4,Q4-1964,1964.0,4.286181523637243e-05,125291,21.27468581687612
68,1965.0,21.64275148928101,3108.2,93.4,Q1-1965,1965.0,4.4797810597657856e-05,125810,21.536265624566944
69,1965.25,21.8108138830257,3150.2,94.8,Q2-1965,1965.0,4.528572195071171e-05,126320,21.594609230937966
70,1965.5,21.764010319889326,3214.1,92.9,Q3-1965,1965.0,4.422545029734622e-05,126756,22.012423551327622
71,1965.75,21.94474806804291,3291.8,96.1,Q4-1965,1965.0,4.559953108535977e-05,127171,22.288275600574167
72,1966.0,22.170107597718584,3372.3,98.7,Q1-1966,1966.0,4.54324502692878e-05,127514,22.529311554263955
73,1966.25,22.27079466920752,3384.0,103.0,Q2-1966,1966.0,4.727645130681138e-05,127879,22.435111214240724
74,1966.5,22.301164871154977,3406.3,104.3,Q3-1966,1966.0,4.773837983756392e-05,128240,22.455814198788318
75,1966.75,22.270979550753594,3433.7,106.3,Q4-1966,1966.0,4.850740038962322e-05,128627,22.5714210588591
76,1967.0,22.262227841941034,3464.1,105.8,Q1-1967,1967.0,4.6771527003780726e-05,129032,22.68417261476
77,1967.25,22.052019427279326,3464.3,105.6,Q2-1967,1967.0,4.6509016793593376e-05,129515,22.80825344991046
78,1967.5,22.098441214320733,3491.8,108.4,Q3-1967,1967.0,4.749577440632685e-05,130187,22.848804491499916
79,1967.75,22.120591801666645,3518.2,111.9,Q4-1967,1967.0,4.88166994769128e-05,130754,22.906737505534288
80,1968.0,22.076737947167018,3590.7,118.2,Q1-1968,1968.0,4.9263347719327e-05,131277,23.33305174508899
81,1968.25,22.170960078204068,3651.6,121.9,Q2-1968,1968.0,5.0637639121492475e-05,131712,23.533354385919687
82,1968.5,22.233660965979638,3676.5,132.2,Q3-1968,1968.0,5.469247522271697e-05,132251,23.53743325778819
83,1968.75,22.23742287781524,3692.0,136.6,Q4-1968,1968.0,5.623555727264201e-05,132903,23.544266664966106
84,1969.0,22.42812292559365,3750.2,143.0,Q1-1969,1969.0,5.587702482781304e-05,133465,23.620777617514975
85,1969.25,22.408897386029103,3760.9,145.1,Q2-1969,1969.0,5.6459853012356404e-05,134027,23.620776284386384
86,1969.5,22.40187959335506,3784.2,141.7,Q3-1969,1969.0,5.4903382010554286e-05,134597,23.679813775366537
87,1969.75,22.259635520464958,3766.3,142.1,Q4-1969,1969.0,5.4796996457466726e-05,135239,23.626645923379485
88,1970.0,22.009712983942645,3760.0,135.7,Q1-1970,1970.0,4.9445640366994035e-05,135957,23.765279937300114
89,1970.25,21.771573626031415,3767.1,136.9,Q2-1970,1970.0,4.961684495089976e-05,136686,23.980673376238947
90,1970.5,21.501903790101448,3800.5,132.8,Q3-1970,1970.0,4.7861605630078885e-05,137455,24.400500786491605
91,1970.75,21.31051556671647,3759.8,132.3,Q4-1970,1970.0,4.740241392955599e-05,138264,24.259434905763857
92,1971.0,21.275230910045597,3864.1,133.2,Q1-1971,1971.0,4.517130866291074e-05,139021,24.871750310567002
93,1971.25,21.25051965593162,3885.9,134.9,Q2-1971,1971.0,4.548444205738377e-05,139826,24.93903065153771
94,1971.5,21.130046132669218,3916.7,135.3,Q3-1971,1971.0,4.536946808415792e-05,140596,25.16480127472019
95,1971.75,21.143368976550143,3927.9,137.6,Q4-1971,1971.0,4.588063084959142e-05,141393,25.103054240082827
96,1972.0,21.360078597551162,3997.7,150.6,Q1-1972,1972.0,4.7587747141750984e-05,143017,25.167143019024714
97,1972.25,21.350025398330263,4092.1,153.1,Q2-1972,1972.0,4.8127684085028026e-05,143760,25.654673462606656
98,1972.5,21.387336052108033,4131.1,155.1,Q3-1972,1972.0,4.849932251793563e-05,144522,25.73797864254296
99,1972.75,21.439549057326865,4198.7,161.3,Q4-1972,1972.0,5.019872520707681e-05,145211,25.978357040767712
100,1973.0,21.584250560016685,4305.3,163.7,Q1-1973,1973.0,4.805787443362239e-05,145943,26.33855377462376
101,1973.25,21.69036809034053,4355.1,166.5,Q2-1973,1973.0,4.862135164869572e-05,146719,26.393265781053042
102,1973.5,21.72132831472295,4331.9,168.7,Q3-1973,1973.0,4.901258468274973e-05,147471,26.098613102625585
103,1973.75,21.69407976158508,4373.3,175.9,Q4-1973,1973.0,5.0846505280957355e-05,148219,26.265750561554817
104,1974.0,21.63657360440171,4335.4,177.0,Q1-1974,1974.0,4.67116060185184e-05,148982,25.99441186698804
105,1974.25,21.45793598787866,4347.9,184.6,Q2-1974,1974.0,4.8467453094414515e-05,149750,26.176557354348912
106,1974.5,21.358942991384257,4305.8,193.8,Q3-1974,1974.0,5.063173458207681e-05,150493,25.932774020248498
107,1974.75,21.06992999664566,4288.9,190.7,Q4-1974,1974.0,4.957051317171143e-05,151256,26.08042615035664
108,1975.0,20.516221233369187,4237.6,183.9,Q1-1975,1975.0,4.3529573424098545e-05,151990,26.36733576415247
109,1975.25,20.32908482876056,4268.6,150.6,Q2-1975,1975.0,3.548070621581714e-05,152704,26.696102466603296
110,1975.5,20.356767460761667,4340.9,192.6,Q3-1975,1975.0,4.511690676013553e-05,153580,26.985745280027846
111,1975.75,20.515603607604056,4397.8,198.7,Q4-1975,1975.0,4.631724252654205e-05,154338,26.998090771242474
112,1976.0,20.663596320849535,4496.8,204.4,Q1-1976,1976.0,4.4946581693520886e-05,155066,27.277966163383905
113,1976.25,20.61311747373296,4530.3,209.8,Q2-1976,1976.0,4.592698810042574e-05,155765,27.424949603181812
114,1976.5,20.604829012999055,4552.0,215.4,Q3-1976,1976.0,4.692392665888294e-05,156525,27.439208169071815
115,1976.75,20.654990695620803,4584.6,220.0,Q4-1976,1976.0,4.770960452750875e-05,157235,27.43889301189821
116,1977.0,20.66432222339968,4640.0,228.9,Q1-1977,1977.0,4.6536931341540526e-05,157913,27.629244125808334
117,1977.25,20.965322719172363,4731.1,239.9,Q2-1977,1977.0,4.854459071656526e-05,158657,27.62912004485038
118,1977.5,21.052961789696006,4815.8,244.4,Q3-1977,1977.0,4.921539662845214e-05,159430,27.870341969871465
119,1977.75,21.144003222514122,4815.3,253.3,Q4-1977,1977.0,5.07849503574163e-05,160129,27.61288176803184
120,1978.0,21.12297252074308,4830.8,252.6,Q1-1978,1978.0,4.710977335816463e-05,160831,27.59905161824778
121,1978.25,21.611428135553506,5021.2,275.5,Q2-1978,1978.0,5.1162069792951253e-05,161518,27.891216921812163
122,1978.5,21.598193684528134,5070.7,288.5,Q3-1978,1978.0,5.33315803751224e-05,162259,28.051182191341294
123,1978.75,21.73829341034513,5137.4,302.7,Q4-1978,1978.0,5.569637824519095e-05,163017,28.100403122145458
124,1979.0,21.69301104733094,5147.4,305.1,Q1-1979,1979.0,5.161420417377107e-05,163726,28.083518378080516
125,1979.25,21.5722661053861,5152.3,313.5,Q2-1979,1979.0,5.279886411524941e-05,164459,28.139729214569325
126,1979.5,21.759287074286462,5189.4,321.2,Q3-1979,1979.0,5.385368564443991e-05,165198,27.961485201329804
127,1979.75,21.71930262086813,5204.7,327.6,Q4-1979,1979.0,5.464457809964101e-05,166051,27.965418672627234
128,1980.0,21.550257001127463,5221.3,334.4,Q1-1980,1980.0,5.092797637727746e-05,166759,28.14777677146677
129,1980.25,21.19590908372568,5115.9,329.2,Q2-1980,1980.0,4.994196730504053e-05,167407,27.920341425078586
130,1980.5,21.047540452292488,5107.4,346.5,Q3-1980,1980.0,5.234885754567141e-05,168103,27.959861826582504
131,1980.75,21.18382353019083,5202.1,367.9,Q4-1980,1980.0,5.538689388240352e-05,168695,28.17611629871959
132,1981.0,21.17090059630297,5307.5,389.1,Q1-1981,1981.0,5.33407268433634e-05,169280,28.648152646209486
133,1981.25,20.97753186856729,5266.1,393.1,Q2-1981,1981.0,5.371487139577292e-05,169829,28.575537069896413
134,1981.5,20.813000311284082,5329.8,404.7,Q3-1981,1981.0,5.511496189258382e-05,170399,29.040325612566814
135,1981.75,20.84016897750961,5263.4,390.2,Q4-1981,1981.0,5.295471835573523e-05,170996,28.5289956800529
136,1982.0,20.440350697800586,5177.1,373.5,Q1-1982,1982.0,4.759992703149113e-05,171489,28.508259911894275
137,1982.25,20.50583096640012,5204.9,377.7,Q2-1982,1982.0,4.798492743652955e-05,172026,28.457315939683546
138,1982.5,20.289603598337386,5185.2,366.5,Q3-1982,1982.0,4.6431117354149195e-05,172511,28.55364960489
139,1982.75,20.096789497438937,5189.8,369.3,Q4-1982,1982.0,4.663796326208747e-05,173058,28.753788277531843
140,1983.0,20.15265269068099,5253.8,366.0,Q1-1983,1983.0,4.436742655188462e-05,173505,28.922494233447654
141,1983.25,20.272890770793385,5372.3,388.0,Q2-1983,1983.0,4.691318846327531e-05,173953,29.2920040347864
142,1983.5,20.50827403048142,5478.4,377.3,Q3-1983,1983.0,4.549208851224328e-05,174440,29.416913221609487
143,1983.75,20.66389456992516,5590.5,386.5,Q4-1983,1983.0,4.646524349083867e-05,174951,29.683177674300065
144,1984.0,20.955110292396046,5699.8,401.0,Q1-1984,1984.0,4.633535364634456e-05,175679,29.73167525611868
145,1984.25,21.169397414689698,5797.9,407.2,Q2-1984,1984.0,4.693314474704444e-05,176123,29.82765716637514
146,1984.5,21.174062108296056,5854.3,409.8,Q3-1984,1984.0,4.710977427382005e-05,176583,30.01066262033895
147,1984.75,21.17967553388667,5902.4,420.7,Q4-1984,1984.0,4.82121046379796e-05,177135,30.148433429700987
148,1985.0,21.251242063557523,5956.9,458.5,Q1-1985,1985.0,5.08238049950039e-05,177516,30.22272957889396
149,1985.25,21.305463821610296,6007.8,411.4,Q2-1985,1985.0,4.549317816413082e-05,177944,30.302021547028204
150,1985.5,21.330096239305455,6101.7,449.8,Q3-1985,1985.0,4.961097572138334e-05,178405,30.640560817121795
151,1985.75,21.37494011594793,6148.6,451.9,Q4-1985,1985.0,4.9693575710422396e-05,178940,30.711520691291426
152,1986.0,21.273432483755894,6207.4,450.8,Q1-1986,1986.0,4.834980625783241e-05,179821,31.05392438879189
153,1986.25,21.276754329228524,6232.0,452.3,Q2-1986,1986.0,4.8378857172986775e-05,180311,31.071911131940947
154,1986.5,21.253051493642953,6291.7,462.1,Q3-1986,1986.0,4.9285768055608086e-05,180828,31.31507694758008
155,1986.75,21.374102541729776,6323.4,482.9,Q4-1986,1986.0,5.1352282715574e-05,181363,31.20432283056577
156,1987.0,21.553364070060876,6365.0,480.4,Q1-1987,1987.0,4.968545431686686e-05,181998,31.058325241415652
157,1987.25,21.54779392253328,6435.0,545.3,Q2-1987,1987.0,5.62324477125132e-05,182533,31.31874549808243
158,1987.5,21.559048766441695,6493.4,534.5,Q3-1987,1987.0,5.497747066863688e-05,183002,31.499187465133765
159,1987.75,21.82385789624836,6606.8,545.4,Q4-1987,1987.0,5.595552240593825e-05,183470,31.57175420403989
160,1988.0,21.81157789040619,6639.1,538.9,Q1-1988,1988.0,5.325802463250307e-05,183969,31.656669305080058
161,1988.25,22.056320596107323,6723.5,542.7,Q2-1988,1988.0,5.351575564017991e-05,184374,31.615451531751816
162,1988.5,22.022250796839,6759.4,552.9,Q3-1988,1988.0,5.4387067750368676e-05,184830,31.747835929904326
163,1988.75,22.195992792344992,6848.6,564.7,Q4-1988,1988.0,5.5423654129023836e-05,185244,31.82893446546668
164,1989.0,22.3413172320549,6918.1,598.2,Q1-1989,1989.0,5.6333902926442894e-05,185777,31.85700931566902
165,1989.25,22.408611195588776,6963.5,594.6,Q2-1989,1989.0,5.587337739317872e-05,186181,31.884157509157507
166,1989.5,22.36633666878259,7013.1,601.4,Q3-1989,1989.0,5.6386068813350985e-05,186598,32.074988451705266
167,1989.75,22.412729377793198,7030.9,610.4,Q4-1989,1989.0,5.710167090291044e-05,187017,31.9933928222023
168,1990.0,22.360765833619496,7112.1,607.2,Q1-1990,1990.0,5.430972335709896e-05,188516,32.340516476970436
169,1990.25,22.17259294700229,7130.3,620.3,Q2-1990,1990.0,5.536483120945286e-05,188913,32.599680874896556
170,1990.5,22.089246979453964,7130.8,628.1,Q3-1990,1990.0,5.593399986923537e-05,189342,32.60330843018737
171,1990.75,21.947689629718678,7076.9,626.6,Q4-1990,1990.0,5.564466208397335e-05,189872,32.44438942986558
172,1991.0,21.699884315040705,7040.8,613.4,Q1-1991,1991.0,5.2588337653611734e-05,190271,32.52537291369283
173,1991.25,21.519631596688452,7086.5,612.9,Q2-1991,1991.0,5.244101435090839e-05,190650,32.88765338135106
174,1991.5,21.461890161977422,7120.7,616.7,Q3-1991,1991.0,5.263749013396156e-05,191116,33.02093284239619
175,1991.75,21.372829006409873,7154.1,625.4,Q4-1991,1991.0,5.322938675990181e-05,191657,33.19906631831492
176,1992.0,21.23980030783695,7228.2,627.5,Q1-1992,1992.0,5.210585299601954e-05,192067,33.63627479722466
177,1992.25,21.26787890467883,7297.9,637.9,Q2-1992,1992.0,5.284946956923992e-05,192503,33.800501132411036
178,1992.5,21.196718348144717,7369.5,642.8,Q3-1992,1992.0,5.3113337172451496e-05,193018,34.13891822780588
179,1992.75,21.252981522342633,7450.7,673.5,Q4-1992,1992.0,5.547670696452843e-05,193621,34.31715281903893
180,1993.0,21.33209426075459,7459.7,656.9,Q1-1993,1993.0,5.2722405512470704e-05,194108,34.12582230070359
181,1993.25,21.510603637748762,7497.5,694.6,Q2-1993,1993.0,5.562181628317943e-05,194549,33.9109157191059
182,1993.5,21.476378249276042,7536.0,699.2,Q3-1993,1993.0,5.584263599549563e-05,195063,34.034558444960304
183,1993.75,21.553228350593308,7637.4,746.4,Q4-1993,1993.0,5.944107648952224e-05,195625,34.26564014213417
184,1994.0,21.601620635031896,7715.1,727.5,Q1-1994,1994.0,5.659244791806547e-05,196090,34.4322654932029
185,1994.25,21.859357264705277,7815.7,767.0,Q2-1994,1994.0,5.953764291420268e-05,196510,34.368623795117145
186,1994.5,21.995089975982946,7859.5,770.3,Q3-1994,1994.0,5.96320604283391e-05,197043,34.240368739081376
187,1994.75,22.033000902302497,7951.6,789.0,Q4-1994,1994.0,6.090537296322998e-05,197607,34.47280231333157
188,1995.0,22.138418503347868,7973.7,803.1,Q1-1995,1995.0,6.063372714547271e-05,197886,34.296516454258835
189,1995.25,22.090346901420073,7988.0,826.9,Q2-1995,1995.0,6.230467703199461e-05,198286,34.32362520732535
190,1995.5,22.199891922512652,8053.1,830.3,Q3-1995,1995.0,6.239879203670264e-05,198801,34.32415959491772
191,1995.75,22.096945242864553,8112.0,842.5,Q4-1995,1995.0,6.313969591809281e-05,199355,34.62449580638965
192,1996.0,21.90984377773716,8169.2,876.0,Q1-1996,1996.0,6.433735766237645e-05,199773,35.05236916290865
193,1996.25,22.07007135867965,8303.1,921.6,Q2-1996,1996.0,6.751575460353667e-05,200278,35.258522582508114
194,1996.5,22.174372193952486,8372.7,923.9,Q3-1996,1996.0,6.74925013186562e-05,200847,35.26966060212898
195,1996.75,22.329037850767364,8470.6,946.4,Q4-1996,1996.0,6.892477238840011e-05,201463,35.31859536179191
196,1997.0,22.396747491996756,8536.1,978.0,Q1-1997,1997.0,6.969263790046613e-05,202389,35.36681872231821
197,1997.25,22.44840758023969,8665.8,1004.4,Q2-1997,1997.0,7.141758887669216e-05,202832,35.703308791720396
198,1997.5,22.511596448541795,8773.7,1032.5,Q3-1997,1997.0,7.32235765237934e-05,203364,35.93849203911015
199,1997.75,22.549419470802537,8838.4,1045.4,Q4-1997,1997.0,7.392867186795815e-05,203941,36.03450806438461
200,1998.0,22.637049135570066,8936.2,1063.6,Q1-1998,1998.0,7.422787516607753e-05,204400,36.18436769880509
201,1998.25,22.659438773600332,8995.3,1081.5,Q2-1998,1998.0,7.529329035073331e-05,204899,36.278977850194394
202,1998.5,22.622105410731415,9098.9,1108.8,Q3-1998,1998.0,7.69760045587589e-05,205479,36.64316119704725
203,1998.75,22.817738834418705,9237.1,1127.2,Q4-1998,1998.0,7.801608469744198e-05,206104,36.76940652901675
204,1999.0,22.741577463598606,9315.5,1142.7,Q1-1999,1999.0,7.770635837555076e-05,206873,37.090198201928665
205,1999.25,22.862444650664866,9392.6,1158.0,Q2-1999,1999.0,7.853647686092382e-05,207427,37.08678828081813
206,1999.5,22.869699471971746,9502.2,1182.1,Q3-1999,1999.0,7.993549877002279e-05,208038,37.400370768340636
207,1999.75,22.92536392889676,9671.1,1215.3,Q4-1999,1999.0,8.193320597077935e-05,208666,37.865001370345716
208,2000.0,23.015936640027046,9695.6,1272.1,Q1-2000,2000.0,8.26926060253366e-05,211576,37.7049435335843
209,2000.25,22.9855695440783,9847.9,1284.2,Q2-2000,2000.0,8.321721254342068e-05,212242,38.238480385495016
210,2000.5,22.86722552404111,9836.6,1291.7,Q3-2000,2000.0,8.343825048990448e-05,212916,38.264137144991075
211,2000.75,22.70550448765478,9887.7,1306.2,Q4-2000,2000.0,8.4128330274732e-05,213540,38.60738982230223
212,2001.0,22.641174594128053,9875.6,1301.0,Q1-2001,2001.0,8.168738203107463e-05,214110,38.542085400169384
213,2001.25,22.40015080558062,9905.9,1291.2,Q2-2001,2001.0,8.083722209392317e-05,214732,38.945328164683865
214,2001.5,22.209300052885503,9871.1,1104.3,Q3-2001,2001.0,6.891530511198231e-05,215420,39.030552732822734
215,2001.75,22.008157642772442,9910.0,1210.8,Q4-2001,2001.0,7.531788474501772e-05,216117,39.43023117017467
216,2002.0,21.806405177763004,9977.3,1055.6,Q1-2002,2002.0,6.453089338577598e-05,216663,39.952028574632
217,2002.25,21.833345161965752,10031.6,1051.8,Q2-2002,2002.0,6.414021228471058e-05,217198,40.009891196834815
218,2002.5,21.747829284800634,10090.7,1047.9,Q3-2002,2002.0,6.370645350204025e-05,217866,40.302185512988466
219,2002.75,21.72879816972513,10095.8,1057.5,Q4-2002,2002.0,6.40894563965641e-05,218548,40.25743577065248
220,2003.0,21.54703388723642,10126.0,1062.9,Q1-2003,2003.0,6.270271396898403e-05,220114,40.615611700954226
221,2003.25,21.39941186225755,10212.7,1074.6,Q2-2003,2003.0,6.320512736443217e-05,220768,41.142583200054794
222,2003.5,21.39892443395115,10398.7,994.7,Q3-2003,2003.0,5.8310432215422065e-05,221507,41.77912951943977
223,2003.75,21.432219803464392,10467.0,1083.2,Q4-2003,2003.0,6.327786460448723e-05,222279,41.87486747826644
224,2004.0,21.470127100023472,10543.6,1086.2,Q1-2004,2004.0,6.178068883552749e-05,222357,41.993492036307586
225,2004.25,21.421891952562767,10634.2,1122.2,Q2-2004,2004.0,6.365366697368883e-05,222967,42.33494697283353
226,2004.5,21.478921793218042,10728.7,1165.5,Q3-2004,2004.0,6.58998919260601e-05,223677,42.48165702497337
227,2004.75,21.460773143718516,10796.4,1188.5,Q4-2004,2004.0,6.697728075938999e-05,224422,42.66896418168812
228,2005.0,21.502134325609983,10878.4,1326.3,Q1-2005,2005.0,7.22812063615756e-05,225041,42.793808146968
229,2005.25,21.5558398652073,10954.1,1343.3,Q2-2005,2005.0,7.300363036298625e-05,225670,42.86782086000971
230,2005.5,21.569197071887597,11074.3,1374.9,Q3-2005,2005.0,7.447314242296943e-05,226421,43.19318226139865
231,2005.75,21.55027440237831,11107.2,1426.8,Q4-2005,2005.0,7.701802883685716e-05,227204,43.24139139236564
232,2006.0,21.66456088432217,11238.7,1492.5,Q1-2006,2006.0,7.794162477616103e-05,227763,43.40473027250819
233,2006.25,21.66175748971078,11306.7,1518.9,Q2-2006,2006.0,7.908937333043865e-05,228428,43.55464988174023
234,2006.5,21.742120393342105,11336.7,1557.7,Q3-2006,2006.0,8.084813945763837e-05,229167,43.44112473990964
235,2006.75,21.801082800637513,11395.5,1569.9,Q4-2006,2006.0,8.121979006588658e-05,229905,43.480500452146835
236,2007.0,21.724063564223744,11412.6,1606.5,Q1-2007,2007.0,8.059508392660023e-05,230834,43.63215121346974
237,2007.25,21.768562588041704,11520.1,1619.1,Q2-2007,2007.0,8.100051840331777e-05,231480,43.884757797857596
238,2007.5,21.715670221711033,11658.9,1602.2,Q3-2007,2007.0,7.990271528931952e-05,232211,44.452790190486354
239,2007.75,21.696490276821525,11675.7,1602.8,Q4-2007,2007.0,7.968282565247488e-05,232939,44.487330920175275
